profile,t_step,t_norm,t_minutes,mean_density,max_density,min_density,std_density
off_peak,0,0.0,0.0,0.2608,0.294,0.2405,0.0193
off_peak,1,0.005,0.3,0.2865,0.3878,0.2438,0.0513
off_peak,2,0.01,0.6,0.3072,0.3641,0.2725,0.0293
off_peak,3,0.015,0.9,0.3248,0.3852,0.2785,0.0384
off_peak,4,0.02,1.2,0.2741,0.3297,0.1884,0.0484
off_peak,5,0.025,1.5,0.2516,0.3087,0.2052,0.0352
off_peak,6,0.03,1.8,0.3399,0.3917,0.2805,0.0351
off_peak,7,0.035,2.1,0.276,0.3544,0.1559,0.0585
off_peak,8,0.04,2.4,0.2043,0.286,0.1489,0.0459
off_peak,9,0.045,2.7,0.2348,0.2903,0.205,0.0268
off_peak,10,0.05,3.0,0.2354,0.2969,0.1893,0.034
off_peak,11,0.055,3.3,0.2818,0.3622,0.2156,0.0401
off_peak,12,0.06,3.6,0.3,0.3773,0.2286,0.0476
off_peak,13,0.065,3.9,0.324,0.372,0.2496,0.0404
off_peak,14,0.07,4.2,0.3284,0.3682,0.2819,0.0262
off_peak,15,0.075,4.5,0.2011,0.2655,0.1416,0.0424
off_peak,16,0.08,4.8,0.2343,0.3005,0.1831,0.0403
off_peak,17,0.085,5.1,0.3191,0.3863,0.2744,0.0368
off_peak,18,0.09,5.4,0.2594,0.3221,0.1809,0.0457
off_peak,19,0.095,5.7,0.2669,0.3041,0.2187,0.028
off_peak,20,0.1,6.0,0.2557,0.3321,0.2172,0.0328
off_peak,21,0.105,6.3,0.3084,0.3559,0.2522,0.0316
off_peak,22,0.11,6.6,0.226,0.2773,0.1603,0.0378
off_peak,23,0.115,6.9,0.3004,0.386,0.193,0.0555
off_peak,24,0.12,7.2,0.3321,0.4166,0.2832,0.0392
off_peak,25,0.125,7.5,0.3196,0.3802,0.2299,0.0476
off_peak,26,0.13,7.8,0.2248,0.289,0.0972,0.0611
off_peak,27,0.135,8.1,0.3313,0.3808,0.2689,0.0362
off_peak,28,0.14,8.4,0.2183,0.2645,0.1851,0.028
off_peak,29,0.145,8.7,0.2629,0.3247,0.2009,0.038
off_peak,30,0.15,9.0,0.337,0.4213,0.2842,0.0492
off_peak,31,0.155,9.3,0.2698,0.3045,0.2383,0.0207
off_peak,32,0.16,9.6,0.3102,0.3412,0.2668,0.0251
off_peak,33,0.165,9.9,0.2973,0.3473,0.2452,0.0311
off_peak,34,0.17,10.2,0.273,0.3599,0.238,0.0414
off_peak,35,0.175,10.5,0.2514,0.2701,0.2066,0.0194
off_peak,36,0.18,10.8,0.2474,0.3155,0.1704,0.0431
off_peak,37,0.185,11.1,0.32,0.377,0.2922,0.0269
off_peak,38,0.19,11.4,0.3333,0.4039,0.2557,0.048
off_peak,39,0.195,11.7,0.3302,0.396,0.2645,0.0357
off_peak,40,0.2,12.0,0.2502,0.3209,0.1933,0.0413
off_peak,41,0.205,12.3,0.2559,0.3015,0.2088,0.0361
off_peak,42,0.21,12.6,0.2833,0.3206,0.2245,0.0324
off_peak,43,0.215,12.9,0.2987,0.34,0.251,0.0328
off_peak,44,0.22,13.2,0.3459,0.3727,0.3296,0.0154
off_peak,45,0.225,13.5,0.2648,0.3035,0.1649,0.0415
off_peak,46,0.23,13.8,0.2725,0.3233,0.2197,0.0315
off_peak,47,0.235,14.1,0.2603,0.2982,0.1993,0.0309
off_peak,48,0.24,14.4,0.2529,0.3031,0.2031,0.0342
off_peak,49,0.245,14.7,0.3103,0.3425,0.2585,0.0275
off_peak,50,0.25,15.0,0.3405,0.3799,0.2988,0.0316
off_peak,51,0.255,15.3,0.2755,0.316,0.2111,0.0338
off_peak,52,0.26,15.6,0.2768,0.3379,0.2042,0.0388
off_peak,53,0.265,15.9,0.2725,0.3094,0.2366,0.0209
off_peak,54,0.27,16.2,0.2575,0.3008,0.2197,0.0309
off_peak,55,0.275,16.5,0.3598,0.4272,0.275,0.0499
off_peak,56,0.28,16.8,0.2689,0.2983,0.2052,0.0306
off_peak,57,0.285,17.1,0.3395,0.3649,0.3051,0.0199
off_peak,58,0.29,17.4,0.3104,0.3598,0.2494,0.0426
off_peak,59,0.295,17.7,0.2621,0.3591,0.2249,0.0407
off_peak,60,0.3,18.0,0.2902,0.3552,0.2104,0.0446
off_peak,61,0.305,18.3,0.2996,0.3242,0.2738,0.0175
off_peak,62,0.31,18.6,0.2982,0.4045,0.2609,0.0423
off_peak,63,0.315,18.9,0.3271,0.374,0.2826,0.0323
off_peak,64,0.32,19.2,0.307,0.3369,0.2617,0.0213
off_peak,65,0.325,19.5,0.2886,0.3299,0.2103,0.0371
off_peak,66,0.33,19.8,0.3456,0.4201,0.2541,0.0464
off_peak,67,0.335,20.1,0.2851,0.3547,0.2173,0.038
off_peak,68,0.34,20.4,0.4102,0.474,0.3675,0.0365
off_peak,69,0.345,20.7,0.3504,0.3751,0.3205,0.0202
off_peak,70,0.35,21.0,0.3112,0.4198,0.2292,0.058
off_peak,71,0.355,21.3,0.3309,0.3855,0.277,0.037
off_peak,72,0.36,21.6,0.3142,0.3857,0.2452,0.043
off_peak,73,0.365,21.9,0.2692,0.3405,0.2246,0.0369
off_peak,74,0.37,22.2,0.3325,0.4112,0.2549,0.048
off_peak,75,0.375,22.5,0.283,0.3233,0.2187,0.0297
off_peak,76,0.38,22.8,0.2996,0.3705,0.2363,0.0443
off_peak,77,0.385,23.1,0.3657,0.4339,0.2789,0.0485
off_peak,78,0.39,23.4,0.3159,0.3701,0.2263,0.0461
off_peak,79,0.395,23.7,0.3579,0.401,0.2928,0.0357
off_peak,80,0.4,24.0,0.3789,0.4548,0.3506,0.0306
off_peak,81,0.405,24.3,0.3621,0.4051,0.2999,0.0339
off_peak,82,0.41,24.6,0.4126,0.4775,0.3373,0.0499
off_peak,83,0.415,24.9,0.2583,0.3115,0.1866,0.0418
off_peak,84,0.42,25.2,0.234,0.2937,0.1524,0.0438
off_peak,85,0.425,25.5,0.3501,0.4148,0.2634,0.0537
off_peak,86,0.43,25.8,0.2641,0.309,0.2229,0.0253
off_peak,87,0.435,26.1,0.3609,0.4877,0.2846,0.0555
off_peak,88,0.44,26.4,0.2896,0.3261,0.2079,0.0363
off_peak,89,0.445,26.7,0.2908,0.3429,0.2521,0.0305
off_peak,90,0.45,27.0,0.3945,0.4761,0.3061,0.0557
off_peak,91,0.455,27.3,0.3134,0.3828,0.2464,0.0508
off_peak,92,0.46,27.6,0.2474,0.2942,0.2156,0.0275
off_peak,93,0.465,27.9,0.3725,0.4355,0.3127,0.0388
off_peak,94,0.47,28.2,0.36,0.3984,0.2907,0.0305
off_peak,95,0.475,28.5,0.313,0.3608,0.2725,0.0244
off_peak,96,0.48,28.8,0.2706,0.3172,0.2168,0.0375
off_peak,97,0.485,29.1,0.2726,0.3834,0.1734,0.0628
off_peak,98,0.49,29.4,0.2777,0.3404,0.2285,0.0326
off_peak,99,0.495,29.7,0.2983,0.3893,0.2229,0.0436
off_peak,100,0.5,30.0,0.2607,0.3063,0.2318,0.0239
off_peak,101,0.505,30.3,0.2673,0.3606,0.1934,0.0469
off_peak,102,0.51,30.6,0.3403,0.3819,0.2764,0.0328
off_peak,103,0.515,30.9,0.3267,0.3719,0.254,0.0425
off_peak,104,0.52,31.2,0.3245,0.3864,0.2804,0.0392
off_peak,105,0.525,31.5,0.2882,0.3406,0.248,0.0328
off_peak,106,0.53,31.8,0.3073,0.3914,0.2125,0.0527
off_peak,107,0.535,32.1,0.2962,0.3438,0.239,0.0375
off_peak,108,0.54,32.4,0.3625,0.4103,0.3202,0.0298
off_peak,109,0.545,32.7,0.3156,0.3977,0.2799,0.0407
off_peak,110,0.55,33.0,0.2995,0.3493,0.2547,0.0308
off_peak,111,0.555,33.3,0.2801,0.3348,0.2292,0.0343
off_peak,112,0.56,33.6,0.2065,0.2499,0.1629,0.031
off_peak,113,0.565,33.9,0.326,0.3611,0.269,0.0287
off_peak,114,0.57,34.2,0.2492,0.3164,0.1511,0.0504
off_peak,115,0.575,34.5,0.3692,0.405,0.3318,0.0221
off_peak,116,0.58,34.8,0.2349,0.3095,0.1765,0.0395
off_peak,117,0.585,35.1,0.253,0.3365,0.1624,0.0575
off_peak,118,0.59,35.4,0.271,0.3407,0.2143,0.0467
off_peak,119,0.595,35.7,0.2433,0.2853,0.2022,0.0255
off_peak,120,0.6,36.0,0.2962,0.3285,0.229,0.0293
off_peak,121,0.605,36.3,0.279,0.349,0.2345,0.0429
off_peak,122,0.61,36.6,0.1957,0.2619,0.1032,0.0483
off_peak,123,0.615,36.9,0.2154,0.264,0.1343,0.0387
off_peak,124,0.62,37.2,0.2835,0.3721,0.2309,0.0399
off_peak,125,0.625,37.5,0.1814,0.2203,0.1445,0.0279
off_peak,126,0.63,37.8,0.2867,0.3385,0.2262,0.0321
off_peak,127,0.635,38.1,0.2115,0.2559,0.1598,0.029
off_peak,128,0.64,38.4,0.3083,0.366,0.2397,0.0396
off_peak,129,0.645,38.7,0.2687,0.291,0.2318,0.0218
off_peak,130,0.65,39.0,0.2773,0.31,0.2222,0.0302
off_peak,131,0.655,39.3,0.271,0.3403,0.2198,0.0415
off_peak,132,0.66,39.6,0.2732,0.3539,0.1892,0.0549
off_peak,133,0.665,39.9,0.198,0.2541,0.1433,0.0349
off_peak,134,0.67,40.2,0.3603,0.4427,0.3224,0.0359
off_peak,135,0.675,40.5,0.303,0.3624,0.2537,0.0343
off_peak,136,0.68,40.8,0.2887,0.3591,0.2517,0.034
off_peak,137,0.685,41.1,0.2667,0.3385,0.2137,0.0362
off_peak,138,0.69,41.4,0.2168,0.2566,0.1797,0.0254
off_peak,139,0.695,41.7,0.2791,0.3183,0.2218,0.03
off_peak,140,0.7,42.0,0.2582,0.3156,0.2027,0.0387
off_peak,141,0.705,42.3,0.2397,0.3006,0.1817,0.0411
off_peak,142,0.71,42.6,0.3021,0.3915,0.2399,0.0502
off_peak,143,0.715,42.9,0.2325,0.2937,0.1922,0.0332
off_peak,144,0.72,43.2,0.2966,0.3658,0.2341,0.0399
off_peak,145,0.725,43.5,0.2504,0.313,0.1734,0.0418
off_peak,146,0.73,43.8,0.2977,0.3555,0.243,0.0329
off_peak,147,0.735,44.1,0.249,0.2957,0.1942,0.0341
off_peak,148,0.74,44.4,0.3091,0.363,0.2135,0.0503
off_peak,149,0.745,44.7,0.3982,0.4621,0.3409,0.0406
off_peak,150,0.75,45.0,0.3051,0.3529,0.2603,0.0296
off_peak,151,0.755,45.3,0.2476,0.3395,0.1914,0.0412
off_peak,152,0.76,45.6,0.2751,0.3253,0.2115,0.0362
off_peak,153,0.765,45.9,0.381,0.4203,0.3107,0.0352
off_peak,154,0.77,46.2,0.3516,0.4084,0.2723,0.0426
off_peak,155,0.775,46.5,0.3491,0.3973,0.3087,0.0295
off_peak,156,0.78,46.8,0.3249,0.3843,0.2706,0.034
off_peak,157,0.785,47.1,0.3253,0.3812,0.2538,0.0436
off_peak,158,0.79,47.4,0.4227,0.4763,0.3615,0.0379
off_peak,159,0.795,47.7,0.302,0.3444,0.2387,0.0398
off_peak,160,0.8,48.0,0.2845,0.3337,0.2116,0.0354
off_peak,161,0.805,48.3,0.4058,0.4393,0.3612,0.0234
off_peak,162,0.81,48.6,0.3469,0.3971,0.2952,0.0361
off_peak,163,0.815,48.9,0.3352,0.3976,0.2636,0.0469
off_peak,164,0.82,49.2,0.3792,0.5238,0.3082,0.059
off_peak,165,0.825,49.5,0.381,0.4787,0.3404,0.0412
off_peak,166,0.83,49.8,0.2788,0.3207,0.2193,0.033
off_peak,167,0.835,50.1,0.3618,0.3942,0.3033,0.026
off_peak,168,0.84,50.4,0.3139,0.3308,0.2644,0.0203
off_peak,169,0.845,50.7,0.3532,0.5009,0.2782,0.0658
off_peak,170,0.85,51.0,0.3134,0.3927,0.2265,0.0492
off_peak,171,0.855,51.3,0.3362,0.3818,0.236,0.044
off_peak,172,0.86,51.6,0.2988,0.3439,0.2689,0.0287
off_peak,173,0.865,51.9,0.3566,0.425,0.2855,0.0375
off_peak,174,0.87,52.2,0.3526,0.3999,0.3157,0.0246
off_peak,175,0.875,52.5,0.3667,0.4167,0.2894,0.0421
off_peak,176,0.88,52.8,0.2844,0.338,0.2461,0.0328
off_peak,177,0.885,53.1,0.3402,0.4258,0.2648,0.0541
off_peak,178,0.89,53.4,0.2838,0.3225,0.1947,0.0408
off_peak,179,0.895,53.7,0.2845,0.3312,0.2384,0.0297
off_peak,180,0.9,54.0,0.3251,0.3699,0.2675,0.031
off_peak,181,0.905,54.3,0.2643,0.3325,0.1927,0.0485
off_peak,182,0.91,54.6,0.271,0.3373,0.204,0.04
off_peak,183,0.915,54.9,0.3546,0.402,0.3091,0.0286
off_peak,184,0.92,55.2,0.2715,0.3324,0.2162,0.0368
off_peak,185,0.925,55.5,0.3437,0.4001,0.2758,0.0371
off_peak,186,0.93,55.8,0.2918,0.3573,0.2323,0.0383
off_peak,187,0.935,56.1,0.2844,0.3231,0.2583,0.0207
off_peak,188,0.94,56.4,0.3278,0.3711,0.2873,0.0336
off_peak,189,0.945,56.7,0.309,0.3554,0.216,0.0449
off_peak,190,0.95,57.0,0.2835,0.3412,0.2162,0.0369
off_peak,191,0.955,57.3,0.301,0.3781,0.1945,0.0601
off_peak,192,0.96,57.6,0.2692,0.3415,0.2229,0.0372
off_peak,193,0.965,57.9,0.2768,0.3393,0.204,0.0441
off_peak,194,0.97,58.2,0.243,0.2979,0.1939,0.0304
off_peak,195,0.975,58.5,0.3056,0.3611,0.2786,0.0273
off_peak,196,0.98,58.8,0.2709,0.3391,0.2264,0.0359
off_peak,197,0.985,59.1,0.2945,0.3298,0.2096,0.0378
off_peak,198,0.99,59.4,0.2662,0.3288,0.2271,0.0307
off_peak,199,0.995,59.7,0.3104,0.4086,0.1897,0.0584
moderate,0,0.0,0.0,0.4999,0.5998,0.4075,0.0604
moderate,1,0.005,0.3,0.4911,0.5982,0.4206,0.0548
moderate,2,0.01,0.6,0.4955,0.6216,0.424,0.0616
moderate,3,0.015,0.9,0.6243,0.7573,0.5205,0.067
moderate,4,0.02,1.2,0.4145,0.4944,0.3193,0.0557
moderate,5,0.025,1.5,0.4484,0.6555,0.3281,0.0909
moderate,6,0.03,1.8,0.5795,0.6882,0.4893,0.061
moderate,7,0.035,2.1,0.5193,0.6548,0.3435,0.0812
moderate,8,0.04,2.4,0.3706,0.5095,0.2582,0.0989
moderate,9,0.045,2.7,0.4363,0.5732,0.3471,0.0742
moderate,10,0.05,3.0,0.4612,0.5493,0.3711,0.0541
moderate,11,0.055,3.3,0.5199,0.6022,0.4636,0.0491
moderate,12,0.06,3.6,0.4603,0.521,0.3994,0.0437
moderate,13,0.065,3.9,0.6617,0.794,0.5959,0.0696
moderate,14,0.07,4.2,0.5317,0.5879,0.4291,0.0473
moderate,15,0.075,4.5,0.4174,0.5249,0.3572,0.0581
moderate,16,0.08,4.8,0.4364,0.5302,0.3426,0.0718
moderate,17,0.085,5.1,0.5809,0.6798,0.4802,0.0579
moderate,18,0.09,5.4,0.4748,0.6054,0.3746,0.0657
moderate,19,0.095,5.7,0.5162,0.6179,0.4731,0.0433
moderate,20,0.1,6.0,0.4305,0.499,0.3578,0.0558
moderate,21,0.105,6.3,0.5194,0.6677,0.4527,0.0674
moderate,22,0.11,6.6,0.3537,0.4222,0.2353,0.0669
moderate,23,0.115,6.9,0.5411,0.6797,0.4275,0.0774
moderate,24,0.12,7.2,0.5883,0.6954,0.5143,0.0505
moderate,25,0.125,7.5,0.5337,0.6333,0.3974,0.0755
moderate,26,0.13,7.8,0.3617,0.4592,0.2498,0.069
moderate,27,0.135,8.1,0.585,0.6238,0.4898,0.0401
moderate,28,0.14,8.4,0.4385,0.5543,0.3435,0.0699
moderate,29,0.145,8.7,0.4856,0.5611,0.4228,0.0368
moderate,30,0.15,9.0,0.6424,0.7463,0.4677,0.0809
moderate,31,0.155,9.3,0.4407,0.5024,0.2837,0.065
moderate,32,0.16,9.6,0.6195,0.6783,0.5159,0.0563
moderate,33,0.165,9.9,0.5506,0.6395,0.4807,0.0504
moderate,34,0.17,10.2,0.517,0.6595,0.3498,0.0951
moderate,35,0.175,10.5,0.4575,0.5213,0.3977,0.038
moderate,36,0.18,10.8,0.4392,0.5382,0.3734,0.0542
moderate,37,0.185,11.1,0.5643,0.7748,0.4945,0.0867
moderate,38,0.19,11.4,0.6419,0.7233,0.5152,0.0668
moderate,39,0.195,11.7,0.5731,0.6854,0.5045,0.0598
moderate,40,0.2,12.0,0.4508,0.6015,0.295,0.0864
moderate,41,0.205,12.3,0.4606,0.5122,0.3773,0.0417
moderate,42,0.21,12.6,0.5718,0.6259,0.4813,0.0451
moderate,43,0.215,12.9,0.6362,0.7766,0.4791,0.0928
moderate,44,0.22,13.2,0.7026,0.7986,0.6346,0.0511
moderate,45,0.225,13.5,0.501,0.6231,0.4175,0.0557
moderate,46,0.23,13.8,0.5514,0.654,0.4408,0.0726
moderate,47,0.235,14.1,0.5591,0.6939,0.4942,0.0614
moderate,48,0.24,14.4,0.5919,0.6813,0.5109,0.0609
moderate,49,0.245,14.7,0.6178,0.6941,0.5447,0.0449
moderate,50,0.25,15.0,0.6233,0.7498,0.5276,0.0674
moderate,51,0.255,15.3,0.5725,0.6688,0.4372,0.0723
moderate,52,0.26,15.6,0.5559,0.6294,0.4231,0.0645
moderate,53,0.265,15.9,0.6265,0.7857,0.5596,0.0724
moderate,54,0.27,16.2,0.6003,0.6552,0.5295,0.0379
moderate,55,0.275,16.5,0.7502,0.84,0.63,0.0629
moderate,56,0.28,16.8,0.6738,0.7282,0.5858,0.048
moderate,57,0.285,17.1,0.702,0.8,0.5757,0.0903
moderate,58,0.29,17.4,0.697,0.8423,0.5433,0.0788
moderate,59,0.295,17.7,0.6303,0.714,0.4771,0.0664
moderate,60,0.3,18.0,0.6763,0.7917,0.5253,0.0939
moderate,61,0.305,18.3,0.6791,0.8365,0.5901,0.0767
moderate,62,0.31,18.6,0.6645,0.7911,0.585,0.0616
moderate,63,0.315,18.9,0.7996,0.8611,0.7099,0.0542
moderate,64,0.32,19.2,0.771,0.8367,0.6392,0.054
moderate,65,0.325,19.5,0.7254,0.8788,0.5759,0.095
moderate,66,0.33,19.8,0.8408,0.9612,0.7876,0.0479
moderate,67,0.335,20.1,0.7721,0.803,0.6803,0.0419
moderate,68,0.34,20.4,0.9244,1.0,0.8347,0.0623
moderate,69,0.345,20.7,0.8961,0.9878,0.7736,0.0652
moderate,70,0.35,21.0,0.8909,0.9701,0.8126,0.0621
moderate,71,0.355,21.3,0.879,1.0,0.7046,0.087
moderate,72,0.36,21.6,0.7907,0.8935,0.7146,0.0567
moderate,73,0.365,21.9,0.8038,0.9336,0.6794,0.0698
moderate,74,0.37,22.2,0.8509,0.9426,0.7505,0.0758
moderate,75,0.375,22.5,0.7886,0.8732,0.6513,0.0766
moderate,76,0.38,22.8,0.7965,0.8408,0.7466,0.0329
moderate,77,0.385,23.1,0.852,0.9508,0.7912,0.0502
moderate,78,0.39,23.4,0.806,0.8784,0.7533,0.0387
moderate,79,0.395,23.7,0.9188,0.9683,0.8703,0.0317
moderate,80,0.4,24.0,0.8739,0.9581,0.7954,0.0543
moderate,81,0.405,24.3,0.8526,0.9146,0.8069,0.0382
moderate,82,0.41,24.6,0.906,1.0,0.7616,0.0747
moderate,83,0.415,24.9,0.7663,0.8624,0.6631,0.0682
moderate,84,0.42,25.2,0.7466,0.8492,0.6844,0.0493
moderate,85,0.425,25.5,0.9111,1.0,0.7419,0.0875
moderate,86,0.43,25.8,0.7093,0.8103,0.5922,0.0672
moderate,87,0.435,26.1,0.8417,0.94,0.6858,0.0886
moderate,88,0.44,26.4,0.7326,0.8535,0.6426,0.0609
moderate,89,0.445,26.7,0.7287,0.8307,0.5913,0.0777
moderate,90,0.45,27.0,0.863,0.9846,0.7136,0.0812
moderate,91,0.455,27.3,0.7769,0.8356,0.6704,0.0509
moderate,92,0.46,27.6,0.5761,0.6614,0.4717,0.0571
moderate,93,0.465,27.9,0.8441,0.9128,0.7592,0.0552
moderate,94,0.47,28.2,0.8036,0.8681,0.7196,0.0431
moderate,95,0.475,28.5,0.6769,0.7532,0.5553,0.0568
moderate,96,0.48,28.8,0.6134,0.6901,0.458,0.0842
moderate,97,0.485,29.1,0.6578,0.7765,0.5006,0.0894
moderate,98,0.49,29.4,0.5634,0.683,0.4283,0.0893
moderate,99,0.495,29.7,0.6612,0.7796,0.5968,0.066
moderate,100,0.5,30.0,0.5187,0.5911,0.4548,0.048
moderate,101,0.505,30.3,0.5978,0.6804,0.5343,0.0457
moderate,102,0.51,30.6,0.6374,0.8053,0.4879,0.0909
moderate,103,0.515,30.9,0.642,0.7038,0.5909,0.0411
moderate,104,0.52,31.2,0.6277,0.8071,0.496,0.1097
moderate,105,0.525,31.5,0.5564,0.6327,0.5151,0.035
moderate,106,0.53,31.8,0.654,0.8084,0.5453,0.0734
moderate,107,0.535,32.1,0.6222,0.8266,0.508,0.0881
moderate,108,0.54,32.4,0.7808,0.8804,0.6568,0.0687
moderate,109,0.545,32.7,0.6571,0.7577,0.5616,0.0694
moderate,110,0.55,33.0,0.5501,0.6819,0.4658,0.0662
moderate,111,0.555,33.3,0.487,0.5472,0.3816,0.0607
moderate,112,0.56,33.6,0.4689,0.6681,0.3033,0.1257
moderate,113,0.565,33.9,0.6405,0.7375,0.5194,0.072
moderate,114,0.57,34.2,0.4555,0.5377,0.352,0.055
moderate,115,0.575,34.5,0.5988,0.688,0.4197,0.0821
moderate,116,0.58,34.8,0.4836,0.5929,0.3968,0.0678
moderate,117,0.585,35.1,0.4987,0.5659,0.4196,0.0461
moderate,118,0.59,35.4,0.5066,0.6022,0.4046,0.0772
moderate,119,0.595,35.7,0.4307,0.5184,0.3824,0.0381
moderate,120,0.6,36.0,0.449,0.4951,0.3596,0.0381
moderate,121,0.605,36.3,0.4607,0.5288,0.3431,0.0501
moderate,122,0.61,36.6,0.4048,0.4939,0.2569,0.072
moderate,123,0.615,36.9,0.4865,0.6111,0.3803,0.0779
moderate,124,0.62,37.2,0.473,0.5968,0.3949,0.0624
moderate,125,0.625,37.5,0.2967,0.3992,0.1977,0.0632
moderate,126,0.63,37.8,0.4911,0.5354,0.4464,0.0348
moderate,127,0.635,38.1,0.4282,0.5236,0.34,0.0584
moderate,128,0.64,38.4,0.5478,0.701,0.3602,0.1019
moderate,129,0.645,38.7,0.5481,0.585,0.4941,0.0302
moderate,130,0.65,39.0,0.5691,0.6301,0.4399,0.0596
moderate,131,0.655,39.3,0.5332,0.6365,0.4451,0.0607
moderate,132,0.66,39.6,0.5507,0.6425,0.5082,0.0491
moderate,133,0.665,39.9,0.4617,0.5535,0.423,0.0394
moderate,134,0.67,40.2,0.6442,0.796,0.529,0.09
moderate,135,0.675,40.5,0.6068,0.7239,0.4982,0.0706
moderate,136,0.68,40.8,0.5746,0.6867,0.4281,0.0797
moderate,137,0.685,41.1,0.5165,0.6028,0.4281,0.0597
moderate,138,0.69,41.4,0.479,0.7029,0.3386,0.0964
moderate,139,0.695,41.7,0.5394,0.6494,0.4512,0.0817
moderate,140,0.7,42.0,0.5779,0.6862,0.4573,0.0615
moderate,141,0.705,42.3,0.5742,0.6386,0.4809,0.047
moderate,142,0.71,42.6,0.6247,0.7531,0.5269,0.0656
moderate,143,0.715,42.9,0.6069,0.6754,0.5536,0.0399
moderate,144,0.72,43.2,0.6543,0.7675,0.5572,0.0666
moderate,145,0.725,43.5,0.6151,0.7055,0.5195,0.0527
moderate,146,0.73,43.8,0.7029,0.8203,0.5936,0.0684
moderate,147,0.735,44.1,0.6142,0.7355,0.4702,0.0759
moderate,148,0.74,44.4,0.7457,0.7848,0.7112,0.0297
moderate,149,0.745,44.7,0.8756,1.0,0.7242,0.0972
moderate,150,0.75,45.0,0.7371,0.7967,0.6254,0.0562
moderate,151,0.755,45.3,0.6244,0.7016,0.513,0.0535
moderate,152,0.76,45.6,0.7112,0.8137,0.6099,0.0648
moderate,153,0.765,45.9,0.9094,0.9858,0.7604,0.0659
moderate,154,0.77,46.2,0.8845,0.9797,0.7697,0.067
moderate,155,0.775,46.5,0.8651,0.9877,0.6861,0.0986
moderate,156,0.78,46.8,0.8022,0.8896,0.7359,0.0482
moderate,157,0.785,47.1,0.8371,0.9315,0.7334,0.0716
moderate,158,0.79,47.4,0.9497,1.0,0.8065,0.0608
moderate,159,0.795,47.7,0.7855,0.8546,0.7172,0.0389
moderate,160,0.8,48.0,0.7817,0.8803,0.7041,0.0596
moderate,161,0.805,48.3,0.9361,1.0,0.844,0.0561
moderate,162,0.81,48.6,0.8948,0.9806,0.8164,0.0499
moderate,163,0.815,48.9,0.8804,0.9806,0.8037,0.0575
moderate,164,0.82,49.2,0.9442,1.0,0.8619,0.0582
moderate,165,0.825,49.5,0.9813,1.0,0.927,0.0285
moderate,166,0.83,49.8,0.7575,0.8127,0.7018,0.0331
moderate,167,0.835,50.1,0.844,0.9089,0.7818,0.0364
moderate,168,0.84,50.4,0.7608,0.8702,0.6144,0.0788
moderate,169,0.845,50.7,0.8474,1.0,0.7467,0.0938
moderate,170,0.85,51.0,0.7066,0.763,0.6066,0.0457
moderate,171,0.855,51.3,0.7728,0.9509,0.7025,0.0781
moderate,172,0.86,51.6,0.7145,0.7667,0.6307,0.0475
moderate,173,0.865,51.9,0.8021,0.8591,0.7673,0.0275
moderate,174,0.87,52.2,0.7071,0.9311,0.5768,0.115
moderate,175,0.875,52.5,0.7227,0.7604,0.6813,0.0266
moderate,176,0.88,52.8,0.6258,0.7987,0.478,0.1058
moderate,177,0.885,53.1,0.7761,0.9092,0.6784,0.0706
moderate,178,0.89,53.4,0.6384,0.7453,0.5481,0.064
moderate,179,0.895,53.7,0.6306,0.6762,0.5502,0.0379
moderate,180,0.9,54.0,0.6278,0.7576,0.5619,0.066
moderate,181,0.905,54.3,0.5923,0.7005,0.5171,0.0663
moderate,182,0.91,54.6,0.4959,0.5905,0.4247,0.0513
moderate,183,0.915,54.9,0.6406,0.8031,0.5274,0.0746
moderate,184,0.92,55.2,0.5176,0.5902,0.4437,0.052
moderate,185,0.925,55.5,0.6732,0.7457,0.5537,0.0624
moderate,186,0.93,55.8,0.5241,0.5947,0.4207,0.047
moderate,187,0.935,56.1,0.5357,0.6616,0.4245,0.0723
moderate,188,0.94,56.4,0.59,0.7153,0.5072,0.0735
moderate,189,0.945,56.7,0.5977,0.7306,0.4842,0.0822
moderate,190,0.95,57.0,0.51,0.5656,0.3656,0.0607
moderate,191,0.955,57.3,0.5735,0.735,0.4353,0.0995
moderate,192,0.96,57.6,0.4461,0.5153,0.3678,0.0504
moderate,193,0.965,57.9,0.5667,0.6941,0.4807,0.0663
moderate,194,0.97,58.2,0.5122,0.5846,0.3811,0.0606
moderate,195,0.975,58.5,0.5616,0.7062,0.4849,0.0643
moderate,196,0.98,58.8,0.5284,0.6018,0.419,0.0651
moderate,197,0.985,59.1,0.5335,0.5771,0.4982,0.0227
moderate,198,0.99,59.4,0.4437,0.6042,0.359,0.0979
moderate,199,0.995,59.7,0.5136,0.5709,0.4798,0.028
peak,0,0.0,0.0,0.7229,0.9864,0.5611,0.1282
peak,1,0.005,0.3,0.7838,0.9204,0.6731,0.0892
peak,2,0.01,0.6,0.7023,0.7507,0.6117,0.0436
peak,3,0.015,0.9,0.8865,1.0,0.6863,0.1051
peak,4,0.02,1.2,0.6183,0.9089,0.4839,0.135
peak,5,0.025,1.5,0.6177,0.6909,0.5327,0.0514
peak,6,0.03,1.8,0.8138,0.9278,0.6913,0.0746
peak,7,0.035,2.1,0.6612,0.8119,0.4825,0.1062
peak,8,0.04,2.4,0.5884,0.7068,0.3843,0.0907
peak,9,0.045,2.7,0.591,0.6988,0.5124,0.0581
peak,10,0.05,3.0,0.5742,0.6523,0.48,0.0529
peak,11,0.055,3.3,0.7528,0.9681,0.5181,0.1352
peak,12,0.06,3.6,0.7593,0.9953,0.6395,0.102
peak,13,0.065,3.9,0.8874,1.0,0.778,0.0864
peak,14,0.07,4.2,0.774,0.9031,0.6543,0.0791
peak,15,0.075,4.5,0.6024,0.7671,0.491,0.0882
peak,16,0.08,4.8,0.6443,0.756,0.5396,0.0677
peak,17,0.085,5.1,0.7875,0.9875,0.6407,0.1066
peak,18,0.09,5.4,0.7092,0.8159,0.6143,0.0715
peak,19,0.095,5.7,0.6573,0.7937,0.5392,0.0752
peak,20,0.1,6.0,0.6489,0.7991,0.4947,0.0987
peak,21,0.105,6.3,0.756,0.9672,0.553,0.1285
peak,22,0.11,6.6,0.515,0.7142,0.3525,0.125
peak,23,0.115,6.9,0.7637,0.974,0.56,0.1334
peak,24,0.12,7.2,0.8509,0.9575,0.7078,0.0789
peak,25,0.125,7.5,0.8407,1.0,0.7058,0.0988
peak,26,0.13,7.8,0.5101,0.6531,0.3681,0.0781
peak,27,0.135,8.1,0.7966,0.8938,0.6982,0.0652
peak,28,0.14,8.4,0.5867,0.7876,0.4652,0.0921
peak,29,0.145,8.7,0.7034,0.8591,0.5753,0.0959
peak,30,0.15,9.0,0.9146,1.0,0.7259,0.0953
peak,31,0.155,9.3,0.679,0.7756,0.3747,0.1228
peak,32,0.16,9.6,0.8151,0.8711,0.7578,0.0437
peak,33,0.165,9.9,0.788,0.8874,0.6555,0.0659
peak,34,0.17,10.2,0.7498,0.927,0.6271,0.0932
peak,35,0.175,10.5,0.605,0.8158,0.4893,0.1162
peak,36,0.18,10.8,0.6983,0.9454,0.5667,0.1274
peak,37,0.185,11.1,0.8682,1.0,0.7363,0.0809
peak,38,0.19,11.4,0.9583,1.0,0.8641,0.0483
peak,39,0.195,11.7,0.755,0.8376,0.6397,0.0708
peak,40,0.2,12.0,0.7492,0.8746,0.6321,0.0838
peak,41,0.205,12.3,0.7102,0.8495,0.6179,0.0683
peak,42,0.21,12.6,0.8824,0.9777,0.6769,0.1008
peak,43,0.215,12.9,0.8176,1.0,0.5515,0.1377
peak,44,0.22,13.2,0.9265,1.0,0.8108,0.0641
peak,45,0.225,13.5,0.7976,1.0,0.5775,0.1257
peak,46,0.23,13.8,0.8298,1.0,0.7001,0.1172
peak,47,0.235,14.1,0.7752,0.918,0.5168,0.1151
peak,48,0.24,14.4,0.8306,0.9843,0.6289,0.1032
peak,49,0.245,14.7,0.9887,1.0,0.9513,0.0176
peak,50,0.25,15.0,0.9532,1.0,0.8323,0.0625
peak,51,0.255,15.3,0.9013,1.0,0.7914,0.0743
peak,52,0.26,15.6,0.9016,1.0,0.8216,0.0581
peak,53,0.265,15.9,0.9794,1.0,0.8817,0.04
peak,54,0.27,16.2,0.9423,1.0,0.8117,0.063
peak,55,0.275,16.5,0.9502,1.0,0.7867,0.0685
peak,56,0.28,16.8,0.9516,1.0,0.8016,0.0701
peak,57,0.285,17.1,0.9692,1.0,0.8603,0.0472
peak,58,0.29,17.4,0.971,1.0,0.9164,0.0315
peak,59,0.295,17.7,0.973,1.0,0.9055,0.0348
peak,60,0.3,18.0,0.95,1.0,0.8268,0.0637
peak,61,0.305,18.3,0.9859,1.0,0.9318,0.025
peak,62,0.31,18.6,0.9689,1.0,0.8464,0.0537
peak,63,0.315,18.9,0.9869,1.0,0.8954,0.0346
peak,64,0.32,19.2,0.976,1.0,0.8537,0.0486
peak,65,0.325,19.5,0.9371,1.0,0.7437,0.0935
peak,66,0.33,19.8,0.9288,1.0,0.7824,0.0796
peak,67,0.335,20.1,0.9723,1.0,0.88,0.0446
peak,68,0.34,20.4,0.9783,1.0,0.9073,0.0377
peak,69,0.345,20.7,0.9689,1.0,0.8943,0.0419
peak,70,0.35,21.0,0.9383,1.0,0.8396,0.053
peak,71,0.355,21.3,0.9573,1.0,0.8615,0.0461
peak,72,0.36,21.6,0.9702,1.0,0.8521,0.051
peak,73,0.365,21.9,0.9896,1.0,0.9338,0.0216
peak,74,0.37,22.2,0.9435,1.0,0.7891,0.0661
peak,75,0.375,22.5,0.9842,1.0,0.8835,0.0382
peak,76,0.38,22.8,0.9374,1.0,0.7714,0.0862
peak,77,0.385,23.1,0.9804,1.0,0.8442,0.0515
peak,78,0.39,23.4,0.955,1.0,0.8735,0.0509
peak,79,0.395,23.7,0.977,1.0,0.9067,0.038
peak,80,0.4,24.0,0.9648,1.0,0.8238,0.0591
peak,81,0.405,24.3,0.9972,1.0,0.9778,0.0073
peak,82,0.41,24.6,0.9718,1.0,0.8353,0.0553
peak,83,0.415,24.9,0.9374,1.0,0.8364,0.062
peak,84,0.42,25.2,0.9567,1.0,0.7977,0.0674
peak,85,0.425,25.5,0.9607,1.0,0.8902,0.039
peak,86,0.43,25.8,0.9423,1.0,0.8342,0.0748
peak,87,0.435,26.1,0.9487,1.0,0.7046,0.0942
peak,88,0.44,26.4,0.9549,1.0,0.8775,0.0448
peak,89,0.445,26.7,0.9676,1.0,0.8603,0.05
peak,90,0.45,27.0,0.9376,1.0,0.704,0.0958
peak,91,0.455,27.3,0.9305,1.0,0.8469,0.0417
peak,92,0.46,27.6,0.9066,1.0,0.8463,0.0491
peak,93,0.465,27.9,0.9505,1.0,0.8481,0.0526
peak,94,0.47,28.2,0.9478,1.0,0.8016,0.0599
peak,95,0.475,28.5,0.9765,1.0,0.9231,0.0286
peak,96,0.48,28.8,0.9668,1.0,0.8848,0.0423
peak,97,0.485,29.1,0.9582,1.0,0.7918,0.0658
peak,98,0.49,29.4,0.8606,1.0,0.7206,0.0766
peak,99,0.495,29.7,0.9375,1.0,0.7594,0.0799
peak,100,0.5,30.0,0.8582,0.9657,0.7777,0.0635
peak,101,0.505,30.3,0.8463,1.0,0.6611,0.1128
peak,102,0.51,30.6,0.9298,1.0,0.7376,0.0842
peak,103,0.515,30.9,0.9647,1.0,0.888,0.0396
peak,104,0.52,31.2,0.9505,1.0,0.8286,0.0554
peak,105,0.525,31.5,0.8216,0.9161,0.7432,0.0542
peak,106,0.53,31.8,0.9323,1.0,0.7981,0.0791
peak,107,0.535,32.1,0.9168,1.0,0.8002,0.0617
peak,108,0.54,32.4,0.984,1.0,0.9405,0.022
peak,109,0.545,32.7,0.9292,1.0,0.7251,0.0907
peak,110,0.55,33.0,0.8193,0.9085,0.7683,0.0475
peak,111,0.555,33.3,0.7911,0.9104,0.544,0.1279
peak,112,0.56,33.6,0.6578,0.8829,0.33,0.1548
peak,113,0.565,33.9,0.9411,1.0,0.8036,0.0687
peak,114,0.57,34.2,0.6732,0.7596,0.6016,0.0525
peak,115,0.575,34.5,0.8386,1.0,0.7189,0.0788
peak,116,0.58,34.8,0.6391,0.7675,0.5066,0.0938
peak,117,0.585,35.1,0.7534,0.8989,0.6126,0.0924
peak,118,0.59,35.4,0.6863,0.7839,0.6035,0.0641
peak,119,0.595,35.7,0.6029,0.7576,0.4786,0.091
peak,120,0.6,36.0,0.6691,0.8708,0.5334,0.1128
peak,121,0.605,36.3,0.6938,0.9055,0.5676,0.1
peak,122,0.61,36.6,0.5221,0.5868,0.4431,0.0563
peak,123,0.615,36.9,0.6168,0.8011,0.4668,0.0962
peak,124,0.62,37.2,0.708,0.8185,0.5217,0.0992
peak,125,0.625,37.5,0.3856,0.4997,0.2661,0.075
peak,126,0.63,37.8,0.7205,0.8805,0.6001,0.106
peak,127,0.635,38.1,0.5826,0.7479,0.3784,0.1022
peak,128,0.64,38.4,0.7592,0.8684,0.6672,0.0641
peak,129,0.645,38.7,0.7993,0.9981,0.6094,0.1354
peak,130,0.65,39.0,0.7796,0.9065,0.6435,0.0961
peak,131,0.655,39.3,0.7306,1.0,0.5368,0.1335
peak,132,0.66,39.6,0.7758,0.9309,0.6167,0.1114
peak,133,0.665,39.9,0.695,0.8681,0.5465,0.0962
peak,134,0.67,40.2,0.8892,1.0,0.6881,0.1033
peak,135,0.675,40.5,0.8683,1.0,0.7229,0.0907
peak,136,0.68,40.8,0.8077,0.9296,0.6802,0.078
peak,137,0.685,41.1,0.7684,0.8697,0.6994,0.0488
peak,138,0.69,41.4,0.7782,0.9164,0.629,0.0862
peak,139,0.695,41.7,0.7882,0.9232,0.7138,0.0675
peak,140,0.7,42.0,0.7883,0.9839,0.6608,0.1027
peak,141,0.705,42.3,0.8119,0.9284,0.6959,0.0592
peak,142,0.71,42.6,0.9403,1.0,0.7613,0.09
peak,143,0.715,42.9,0.9197,1.0,0.7954,0.0647
peak,144,0.72,43.2,0.9476,1.0,0.767,0.087
peak,145,0.725,43.5,0.878,1.0,0.7213,0.0973
peak,146,0.73,43.8,0.9595,1.0,0.8262,0.0656
peak,147,0.735,44.1,0.937,1.0,0.7343,0.0849
peak,148,0.74,44.4,0.9666,1.0,0.7857,0.0705
peak,149,0.745,44.7,0.9342,1.0,0.7518,0.08
peak,150,0.75,45.0,0.9117,1.0,0.744,0.0829
peak,151,0.755,45.3,0.9671,1.0,0.8543,0.0485
peak,152,0.76,45.6,0.9557,1.0,0.8406,0.0624
peak,153,0.765,45.9,0.9271,1.0,0.8225,0.0651
peak,154,0.77,46.2,0.9506,1.0,0.7894,0.0785
peak,155,0.775,46.5,0.974,1.0,0.8876,0.0436
peak,156,0.78,46.8,0.9722,1.0,0.9114,0.0311
peak,157,0.785,47.1,0.9906,1.0,0.9598,0.0164
peak,158,0.79,47.4,0.9476,1.0,0.8609,0.0522
peak,159,0.795,47.7,0.9711,1.0,0.8522,0.0472
peak,160,0.8,48.0,0.9515,1.0,0.7276,0.0917
peak,161,0.805,48.3,0.9052,1.0,0.7221,0.1172
peak,162,0.81,48.6,0.987,1.0,0.8959,0.0344
peak,163,0.815,48.9,0.969,1.0,0.8554,0.0547
peak,164,0.82,49.2,0.9806,1.0,0.9388,0.0256
peak,165,0.825,49.5,0.8765,1.0,0.7181,0.0877
peak,166,0.83,49.8,0.9499,1.0,0.7475,0.083
peak,167,0.835,50.1,0.9577,1.0,0.8499,0.049
peak,168,0.84,50.4,0.9777,1.0,0.9089,0.0387
peak,169,0.845,50.7,0.9586,1.0,0.8443,0.0633
peak,170,0.85,51.0,0.9106,1.0,0.8287,0.0664
peak,171,0.855,51.3,0.9314,1.0,0.7753,0.0719
peak,172,0.86,51.6,0.9413,1.0,0.7249,0.0958
peak,173,0.865,51.9,0.9844,1.0,0.9189,0.0269
peak,174,0.87,52.2,0.9935,1.0,0.9481,0.0172
peak,175,0.875,52.5,0.9891,1.0,0.9476,0.0194
peak,176,0.88,52.8,0.9273,1.0,0.7831,0.0672
peak,177,0.885,53.1,0.9738,1.0,0.9,0.0363
peak,178,0.89,53.4,0.9398,1.0,0.8112,0.0608
peak,179,0.895,53.7,0.9252,1.0,0.8027,0.0798
peak,180,0.9,54.0,0.921,1.0,0.7839,0.0884
peak,181,0.905,54.3,0.8416,0.9725,0.7465,0.0815
peak,182,0.91,54.6,0.8054,1.0,0.7044,0.0892
peak,183,0.915,54.9,0.9373,1.0,0.596,0.1306
peak,184,0.92,55.2,0.8042,0.9226,0.6594,0.0952
peak,185,0.925,55.5,0.9855,1.0,0.9202,0.0274
peak,186,0.93,55.8,0.8416,0.947,0.7176,0.0727
peak,187,0.935,56.1,0.8004,0.9198,0.6889,0.0725
peak,188,0.94,56.4,0.902,0.9829,0.8424,0.0407
peak,189,0.945,56.7,0.8133,0.9106,0.7312,0.0681
peak,190,0.95,57.0,0.6564,0.813,0.5234,0.0895
peak,191,0.955,57.3,0.878,0.9438,0.806,0.053
peak,192,0.96,57.6,0.6841,0.8866,0.5829,0.0897
peak,193,0.965,57.9,0.7377,0.8298,0.6192,0.0721
peak,194,0.97,58.2,0.6138,0.82,0.4314,0.1419
peak,195,0.975,58.5,0.7634,0.8997,0.6206,0.1128
peak,196,0.98,58.8,0.6902,0.7827,0.5956,0.0595
peak,197,0.985,59.1,0.7075,0.8041,0.6307,0.0566
peak,198,0.99,59.4,0.6464,0.9485,0.371,0.1502
peak,199,0.995,59.7,0.7748,0.9419,0.624,0.0839
supersaturated,0,0.0,0.0,0.83,1.0,0.701,0.102
supersaturated,1,0.005,0.3,0.8908,1.0,0.6466,0.1234
supersaturated,2,0.01,0.6,0.8648,1.0,0.6539,0.1177
supersaturated,3,0.015,0.9,0.964,1.0,0.7983,0.0648
supersaturated,4,0.02,1.2,0.788,1.0,0.5784,0.151
supersaturated,5,0.025,1.5,0.7372,0.8862,0.6915,0.0608
supersaturated,6,0.03,1.8,0.9701,1.0,0.894,0.0408
supersaturated,7,0.035,2.1,0.8876,0.9777,0.7122,0.0782
supersaturated,8,0.04,2.4,0.764,0.9262,0.4453,0.1317
supersaturated,9,0.045,2.7,0.8371,0.9278,0.7258,0.0669
supersaturated,10,0.05,3.0,0.6796,0.8125,0.5673,0.0778
supersaturated,11,0.055,3.3,0.8807,1.0,0.7339,0.0902
supersaturated,12,0.06,3.6,0.8868,1.0,0.7217,0.0848
supersaturated,13,0.065,3.9,0.9634,1.0,0.8801,0.0454
supersaturated,14,0.07,4.2,0.9797,1.0,0.9044,0.0319
supersaturated,15,0.075,4.5,0.7104,0.8153,0.5832,0.0806
supersaturated,16,0.08,4.8,0.7338,0.917,0.6125,0.0996
supersaturated,17,0.085,5.1,0.9088,1.0,0.7598,0.0991
supersaturated,18,0.09,5.4,0.8793,0.9825,0.7656,0.0691
supersaturated,19,0.095,5.7,0.7947,0.9435,0.6267,0.091
supersaturated,20,0.1,6.0,0.8358,0.93,0.6766,0.0933
supersaturated,21,0.105,6.3,0.9358,1.0,0.8045,0.0756
supersaturated,22,0.11,6.6,0.7587,0.9595,0.4576,0.147
supersaturated,23,0.115,6.9,0.8912,1.0,0.8024,0.0738
supersaturated,24,0.12,7.2,0.9781,1.0,0.8713,0.0415
supersaturated,25,0.125,7.5,0.9128,1.0,0.7842,0.0822
supersaturated,26,0.13,7.8,0.6372,0.8109,0.4834,0.1224
supersaturated,27,0.135,8.1,0.9333,1.0,0.8003,0.0803
supersaturated,28,0.14,8.4,0.7969,0.9434,0.6251,0.0936
supersaturated,29,0.145,8.7,0.856,0.9643,0.646,0.0906
supersaturated,30,0.15,9.0,0.9374,1.0,0.7845,0.0757
supersaturated,31,0.155,9.3,0.8593,1.0,0.6528,0.1254
supersaturated,32,0.16,9.6,0.9095,1.0,0.6613,0.1014
supersaturated,33,0.165,9.9,0.9457,1.0,0.8365,0.0613
supersaturated,34,0.17,10.2,0.903,1.0,0.7617,0.0799
supersaturated,35,0.175,10.5,0.7932,0.9757,0.5506,0.1422
supersaturated,36,0.18,10.8,0.815,0.9659,0.7053,0.0712
supersaturated,37,0.185,11.1,0.987,1.0,0.943,0.0218
supersaturated,38,0.19,11.4,0.9296,1.0,0.7828,0.0852
supersaturated,39,0.195,11.7,0.9588,1.0,0.8657,0.0535
supersaturated,40,0.2,12.0,0.7959,0.9761,0.6498,0.0881
supersaturated,41,0.205,12.3,0.8844,1.0,0.6488,0.1124
supersaturated,42,0.21,12.6,0.9732,1.0,0.9102,0.0308
supersaturated,43,0.215,12.9,0.9313,1.0,0.8324,0.0586
supersaturated,44,0.22,13.2,0.904,1.0,0.7215,0.1054
supersaturated,45,0.225,13.5,0.9293,1.0,0.803,0.0655
supersaturated,46,0.23,13.8,0.9672,1.0,0.7968,0.0659
supersaturated,47,0.235,14.1,0.919,1.0,0.7319,0.0878
supersaturated,48,0.24,14.4,0.9582,1.0,0.8404,0.0608
supersaturated,49,0.245,14.7,0.9433,1.0,0.7743,0.0774
supersaturated,50,0.25,15.0,0.8991,1.0,0.7901,0.0769
supersaturated,51,0.255,15.3,0.9388,1.0,0.7217,0.0986
supersaturated,52,0.26,15.6,0.9522,1.0,0.8464,0.0609
supersaturated,53,0.265,15.9,0.956,1.0,0.8444,0.0569
supersaturated,54,0.27,16.2,0.9053,1.0,0.8054,0.0687
supersaturated,55,0.275,16.5,0.9773,1.0,0.8896,0.0368
supersaturated,56,0.28,16.8,0.9042,1.0,0.7167,0.1094
supersaturated,57,0.285,17.1,0.9921,1.0,0.9367,0.0209
supersaturated,58,0.29,17.4,0.9481,1.0,0.7665,0.0766
supersaturated,59,0.295,17.7,0.9777,1.0,0.9186,0.0285
supersaturated,60,0.3,18.0,0.9667,1.0,0.7622,0.0776
supersaturated,61,0.305,18.3,0.9567,1.0,0.7964,0.0669
supersaturated,62,0.31,18.6,0.9702,1.0,0.8951,0.039
supersaturated,63,0.315,18.9,0.9579,1.0,0.8368,0.0608
supersaturated,64,0.32,19.2,0.9271,1.0,0.6837,0.1035
supersaturated,65,0.325,19.5,0.9622,1.0,0.8176,0.0593
supersaturated,66,0.33,19.8,0.958,1.0,0.8702,0.0521
supersaturated,67,0.335,20.1,0.9517,1.0,0.8536,0.0594
supersaturated,68,0.34,20.4,0.9741,1.0,0.9169,0.0305
supersaturated,69,0.345,20.7,0.9235,1.0,0.8101,0.0598
supersaturated,70,0.35,21.0,0.951,1.0,0.7584,0.0799
supersaturated,71,0.355,21.3,0.9684,1.0,0.8875,0.039
supersaturated,72,0.36,21.6,0.9289,1.0,0.7454,0.0913
supersaturated,73,0.365,21.9,0.9637,1.0,0.8189,0.058
supersaturated,74,0.37,22.2,0.9448,1.0,0.8563,0.0547
supersaturated,75,0.375,22.5,0.9544,1.0,0.8245,0.0579
supersaturated,76,0.38,22.8,0.9257,1.0,0.8529,0.0649
supersaturated,77,0.385,23.1,0.9756,1.0,0.9246,0.0317
supersaturated,78,0.39,23.4,0.9267,1.0,0.8133,0.0744
supersaturated,79,0.395,23.7,0.9607,1.0,0.8313,0.0579
supersaturated,80,0.4,24.0,0.9575,1.0,0.7948,0.0684
supersaturated,81,0.405,24.3,0.9701,1.0,0.812,0.0608
supersaturated,82,0.41,24.6,0.9581,1.0,0.8442,0.0506
supersaturated,83,0.415,24.9,0.9582,1.0,0.7171,0.0921
supersaturated,84,0.42,25.2,0.9427,1.0,0.867,0.0537
supersaturated,85,0.425,25.5,0.9774,1.0,0.8604,0.0449
supersaturated,86,0.43,25.8,0.9111,1.0,0.8044,0.0683
supersaturated,87,0.435,26.1,0.9801,1.0,0.9285,0.0269
supersaturated,88,0.44,26.4,0.949,1.0,0.837,0.0693
supersaturated,89,0.445,26.7,0.9526,1.0,0.8289,0.0596
supersaturated,90,0.45,27.0,0.9526,1.0,0.8415,0.0584
supersaturated,91,0.455,27.3,0.9679,1.0,0.8191,0.0598
supersaturated,92,0.46,27.6,0.9419,1.0,0.8521,0.0477
supersaturated,93,0.465,27.9,0.9389,1.0,0.7032,0.0957
supersaturated,94,0.47,28.2,0.961,1.0,0.8123,0.0603
supersaturated,95,0.475,28.5,0.9637,1.0,0.8225,0.057
supersaturated,96,0.48,28.8,0.9698,1.0,0.9443,0.0245
supersaturated,97,0.485,29.1,0.9532,1.0,0.852,0.0479
supersaturated,98,0.49,29.4,0.9905,1.0,0.9366,0.0208
supersaturated,99,0.495,29.7,0.9605,1.0,0.874,0.0533
supersaturated,100,0.5,30.0,0.9925,1.0,0.9442,0.0183
supersaturated,101,0.505,30.3,0.9587,1.0,0.8141,0.0644
supersaturated,102,0.51,30.6,0.9807,1.0,0.922,0.0295
supersaturated,103,0.515,30.9,0.9641,1.0,0.8476,0.057
supersaturated,104,0.52,31.2,0.9319,1.0,0.6973,0.1037
supersaturated,105,0.525,31.5,0.9389,1.0,0.7184,0.0928
supersaturated,106,0.53,31.8,0.9092,1.0,0.5839,0.1363
supersaturated,107,0.535,32.1,0.9667,1.0,0.7493,0.0823
supersaturated,108,0.54,32.4,0.9955,1.0,0.964,0.0119
supersaturated,109,0.545,32.7,0.8997,1.0,0.7202,0.0996
supersaturated,110,0.55,33.0,0.9832,1.0,0.9363,0.0208
supersaturated,111,0.555,33.3,0.9558,1.0,0.8845,0.0429
supersaturated,112,0.56,33.6,0.8723,1.0,0.8161,0.0598
supersaturated,113,0.565,33.9,0.974,1.0,0.8412,0.0515
supersaturated,114,0.57,34.2,0.8418,1.0,0.6644,0.0911
supersaturated,115,0.575,34.5,0.9353,1.0,0.7873,0.0687
supersaturated,116,0.58,34.8,0.8763,1.0,0.7609,0.0723
supersaturated,117,0.585,35.1,0.8663,1.0,0.6586,0.1153
supersaturated,118,0.59,35.4,0.829,1.0,0.6415,0.1046
supersaturated,119,0.595,35.7,0.8664,1.0,0.7119,0.0829
supersaturated,120,0.6,36.0,0.8195,1.0,0.5637,0.1393
supersaturated,121,0.605,36.3,0.8963,1.0,0.8339,0.0646
supersaturated,122,0.61,36.6,0.6836,0.8225,0.511,0.0946
supersaturated,123,0.615,36.9,0.8323,1.0,0.5909,0.1578
supersaturated,124,0.62,37.2,0.8457,0.9812,0.7371,0.0908
supersaturated,125,0.625,37.5,0.6237,0.8151,0.3048,0.1667
supersaturated,126,0.63,37.8,0.9234,1.0,0.7892,0.0687
supersaturated,127,0.635,38.1,0.7697,0.8563,0.665,0.0697
supersaturated,128,0.64,38.4,0.8983,1.0,0.8367,0.0458
supersaturated,129,0.645,38.7,0.9454,1.0,0.7361,0.085
supersaturated,130,0.65,39.0,0.9495,1.0,0.8194,0.0682
supersaturated,131,0.655,39.3,0.9849,1.0,0.8791,0.04
supersaturated,132,0.66,39.6,0.9758,1.0,0.9331,0.0275
supersaturated,133,0.665,39.9,0.843,1.0,0.6317,0.1212
supersaturated,134,0.67,40.2,0.9278,1.0,0.7314,0.0857
supersaturated,135,0.675,40.5,0.9474,1.0,0.8106,0.064
supersaturated,136,0.68,40.8,0.9831,1.0,0.931,0.0293
supersaturated,137,0.685,41.1,0.9801,1.0,0.8919,0.0373
supersaturated,138,0.69,41.4,0.9445,1.0,0.8671,0.0459
supersaturated,139,0.695,41.7,0.9039,1.0,0.765,0.0891
supersaturated,140,0.7,42.0,0.9199,1.0,0.7395,0.0882
supersaturated,141,0.705,42.3,0.9274,1.0,0.7428,0.0918
supersaturated,142,0.71,42.6,0.9261,1.0,0.7609,0.0766
supersaturated,143,0.715,42.9,0.9456,1.0,0.6694,0.1073
supersaturated,144,0.72,43.2,0.918,1.0,0.7882,0.0875
supersaturated,145,0.725,43.5,0.9501,1.0,0.7652,0.0771
supersaturated,146,0.73,43.8,0.9676,1.0,0.8866,0.0468
supersaturated,147,0.735,44.1,0.9913,1.0,0.9512,0.0166
supersaturated,148,0.74,44.4,0.945,1.0,0.8194,0.07
supersaturated,149,0.745,44.7,0.9472,1.0,0.834,0.0618
supersaturated,150,0.75,45.0,0.9614,1.0,0.7466,0.0822
supersaturated,151,0.755,45.3,0.8971,1.0,0.7658,0.1025
supersaturated,152,0.76,45.6,0.9513,1.0,0.8019,0.071
supersaturated,153,0.765,45.9,0.9452,1.0,0.8169,0.0661
supersaturated,154,0.77,46.2,0.9368,1.0,0.8356,0.0676
supersaturated,155,0.775,46.5,0.9577,1.0,0.8389,0.0568
supersaturated,156,0.78,46.8,0.9513,1.0,0.85,0.0472
supersaturated,157,0.785,47.1,0.9788,1.0,0.8305,0.056
supersaturated,158,0.79,47.4,0.925,1.0,0.7887,0.0835
supersaturated,159,0.795,47.7,0.9596,1.0,0.8514,0.0555
supersaturated,160,0.8,48.0,0.9423,1.0,0.8525,0.0558
supersaturated,161,0.805,48.3,0.9703,1.0,0.7658,0.0773
supersaturated,162,0.81,48.6,0.9398,1.0,0.8462,0.0623
supersaturated,163,0.815,48.9,0.9518,1.0,0.8556,0.0517
supersaturated,164,0.82,49.2,0.9232,1.0,0.8251,0.0774
supersaturated,165,0.825,49.5,0.9476,1.0,0.8575,0.0571
supersaturated,166,0.83,49.8,0.9427,1.0,0.7228,0.0926
supersaturated,167,0.835,50.1,0.9919,1.0,0.9348,0.0215
supersaturated,168,0.84,50.4,0.9203,1.0,0.745,0.0933
supersaturated,169,0.845,50.7,0.9368,1.0,0.8007,0.0681
supersaturated,170,0.85,51.0,0.9308,1.0,0.7674,0.0867
supersaturated,171,0.855,51.3,0.927,1.0,0.8611,0.0472
supersaturated,172,0.86,51.6,0.9302,1.0,0.7739,0.0901
supersaturated,173,0.865,51.9,0.9328,1.0,0.7822,0.0793
supersaturated,174,0.87,52.2,0.9483,1.0,0.8757,0.0533
supersaturated,175,0.875,52.5,0.9657,1.0,0.8066,0.0657
supersaturated,176,0.88,52.8,0.9433,1.0,0.8306,0.0578
supersaturated,177,0.885,53.1,0.9299,1.0,0.7524,0.0816
supersaturated,178,0.89,53.4,0.9187,1.0,0.8432,0.0468
supersaturated,179,0.895,53.7,0.9746,1.0,0.8791,0.0421
supersaturated,180,0.9,54.0,0.9705,1.0,0.8716,0.0443
supersaturated,181,0.905,54.3,0.974,1.0,0.8994,0.0424
supersaturated,182,0.91,54.6,0.9258,1.0,0.8473,0.0525
supersaturated,183,0.915,54.9,0.9529,1.0,0.7928,0.0726
supersaturated,184,0.92,55.2,0.9705,1.0,0.8775,0.0512
supersaturated,185,0.925,55.5,0.9686,1.0,0.8859,0.0444
supersaturated,186,0.93,55.8,0.9662,1.0,0.7964,0.0659
supersaturated,187,0.935,56.1,0.9635,1.0,0.9015,0.04
supersaturated,188,0.94,56.4,0.9718,1.0,0.8258,0.0563
supersaturated,189,0.945,56.7,0.9297,1.0,0.7883,0.067
supersaturated,190,0.95,57.0,0.864,1.0,0.6708,0.1113
supersaturated,191,0.955,57.3,0.9516,1.0,0.8311,0.0518
supersaturated,192,0.96,57.6,0.909,1.0,0.7722,0.0846
supersaturated,193,0.965,57.9,0.9478,1.0,0.8872,0.0451
supersaturated,194,0.97,58.2,0.8249,1.0,0.625,0.1077
supersaturated,195,0.975,58.5,0.9405,1.0,0.8044,0.0741
supersaturated,196,0.98,58.8,0.9326,1.0,0.7379,0.0817
supersaturated,197,0.985,59.1,0.9189,1.0,0.6736,0.1049
supersaturated,198,0.99,59.4,0.7628,1.0,0.5052,0.1477
supersaturated,199,0.995,59.7,0.9212,1.0,0.7961,0.0803
